Country,GDP 2023,Corruption,Burglary,Theft,Homicide,Kidnapping,Serious Assault,Sexual Violence,GunOwnership_TotalCivilianFirearms_num_2017,GunOwnership_MilitaryFirearms_num_2017,GunOwnership_LawEnforcementFirearms_num_2017,Military,NaturalDisasterRisk_WorldRiskIndexTotal_2024,Active force,Traffic Fatalities per 100k,Youth Unemployment Rate
Afghanistan,17233051620.0,1999.1911764705883,50125.59523809523,181453.84848484848,1613.0,1415.9659445627653,31491.712534306895,7791.105485232068,4270000.0,331170.0,239000.0,495000.0,4.12,96902.10037214246,24.1,18.1
Albania,23547179830.0,977.0,746.0,3342.0,66.0,4.0,163.0,135.0,350000.0,21750.0,19000.0,8000.0,6.24,9900.0,10.8,28.2
Algeria,247626000000.0,1579.0,50125.59523809523,181453.84848484848,695.0,239.0,10032.0,1812.0,877000.0,637720.0,363000.0,467200.0,9.64,160000.0,18.3,30.8
American Samoa,586080086187.5623,1999.1911764705883,50125.59523809523,181453.84848484848,2537.4620462046205,1415.9659445627653,31491.712534306895,7791.105485232068,400.0,555172.3378378379,90.0,248620.28859060403,8.266549707602339,96902.10037214246,13.053488372093023,15.939306358381502
Angola,84824654482.0,1999.1911764705883,50125.59523809523,181453.84848484848,2537.4620462046205,1415.9659445627653,31491.712534306895,7791.105485232068,2982000.0,203300.0,60000.0,117000.0,10.42,96902.10037214246,15.0,28.2
Antigua and Barbuda,2033085185.0,1999.1911764705883,50125.59523809523,181453.84848484848,16.0,1415.9659445627653,31491.712534306895,7791.105485232068,5000.0,438.0,800.0,260.0,2.9,600.0,7.5,15.939306358381502
Argentina,646075000000.0,1999.1911764705883,50125.59523809523,266920.0,2094.0,111.0,154197.0,37867.0,3256000.0,679770.0,391000.0,103350.0,14.81,350000.0,8.8,18.0
Armenia,24085749592.0,1999.1911764705883,50125.59523809523,181453.84848484848,61.0,1415.9659445627653,31491.712534306895,7791.105485232068,186000.0,509240.0,18000.0,259100.0,2.61,13500.0,13.6,19.0
Aruba,3648573136.0,1999.1911764705883,50125.59523809523,181453.84848484848,2537.4620462046205,1415.9659445627653,31491.712534306895,7791.105485232068,3000.0,555172.3378378379,700.0,248620.28859060403,8.266549707602339,96902.10037214246,13.053488372093023,15.939306358381502
Australia,1728060000000.0,1999.1911764705883,139088.0,492210.0,193.0,453.0,74916.0,31118.0,3573000.0,214520.0,69000.0,88700.0,21.05,65000.0,4.5,8.6
Austria,511685000000.0,2915.0,40385.0,73213.0,65.0,3.0,3610.0,4354.0,2577000.0,240880.0,37900.0,147650.0,1.16,29900.0,4.6,10.9
Azerbaijan,72356176471.0,458.0,50125.59523809523,181453.84848484848,197.0,9.0,329.0,77.0,362000.0,537920.0,18000.0,471950.0,2.23,96902.10037214246,17.2,13.5
Bahamas,14338500000.0,759.0,81.0,2113.0,119.0,7.0,3151.0,179.0,74000.0,2470.0,5000.0,1300.0,4.82,3000.0,16.2,23.6
Bahrain,46079867021.0,1999.1911764705883,50125.59523809523,181453.84848484848,1.0,1415.9659445627653,31491.712534306895,7791.105485232068,181000.0,25796.0,20000.0,19460.0,0.94,96902.10037214246,8.1,5.8
Bangladesh,437415000000.0,1999.1911764705883,50125.59523809523,181453.84848484848,2537.4620462046205,1415.9659445627653,31491.712534306895,7791.105485232068,659000.0,410305.0,333000.0,226950.0,27.73,210000.0,18.6,15.7
Barbados,6720733200.0,2.0,656.0,988.0,32.0,4.0,792.0,155.0,10000.0,1675.0,2000.0,1040.0,2.46,1394.0,10.0,24.9
Belarus,71857382746.0,1999.1911764705883,50125.59523809523,181453.84848484848,2537.4620462046205,1415.9659445627653,31491.712534306895,7791.105485232068,581000.0,780600.0,165000.0,444850.0,0.76,30970.0,7.4,10.2
Belgium,644783000000.0,4706.0,50125.59523809523,181453.84848484848,125.0,1415.9659445627653,58112.0,9749.0,1451000.0,80880.0,78000.0,31400.0,5.1,37840.0,4.6,16.1
Belize,3066850000.0,0.0,456.0,77.0,125.0,4.0,1005.0,113.0,37000.0,3690.0,2000.0,2350.0,7.97,1300.0,17.5,17.4
Benin,19676049076.0,1999.1911764705883,50125.59523809523,181453.84848484848,2537.4620462046205,1415.9659445627653,31491.712534306895,7791.105485232068,33000.0,8700.0,26000.0,12050.0,1.77,96902.10037214246,24.8,3.9
Bermuda,8141700000.0,1999.1911764705883,50125.59523809523,181453.84848484848,7.0,1415.9659445627653,31491.712534306895,7791.105485232068,3000.0,555172.3378378379,500.0,248620.28859060403,8.266549707602339,96902.10037214246,13.053488372093023,29.3
Bhutan,586080086187.5623,1999.1911764705883,50125.59523809523,181453.84848484848,2537.4620462046205,1415.9659445627653,31491.712534306895,7791.105485232068,6000.0,15200.0,4000.0,248620.28859060403,1.18,96902.10037214246,12.2,29.2
Bolivia,45135398009.0,1999.1911764705883,50125.59523809523,181453.84848484848,2537.4620462046205,1415.9659445627653,31491.712534306895,7791.105485232068,218000.0,555172.3378378379,42000.0,71200.0,3.2,96902.10037214246,13.053488372093023,5.3
Bosnia and Herzegovina,27514782476.0,779.0,4200.0,3161.0,32.0,14.0,755.0,194.0,1185000.0,27300.0,29000.0,10500.0,2.49,96902.10037214246,13.7,26.5
Botswana,19396084498.0,1999.1911764705883,50125.59523809523,181453.84848484848,273.0,1415.9659445627653,31491.712534306895,7791.105485232068,97000.0,17100.0,11000.0,9000.0,1.34,8500.0,16.5,45.4
Brazil,2173670000000.0,1999.1911764705883,50125.59523809523,181453.84848484848,45562.0,1415.9659445627653,31491.712534306895,7791.105485232068,17510000.0,1316300.0,803000.0,2101500.0,13.15,500000.0,15.7,17.9
Brunei Darussalam,15128292981.0,1999.1911764705883,50125.59523809523,181453.84848484848,2537.4620462046205,1415.9659445627653,31491.712534306895,7791.105485232068,4352042.857142857,555172.3378378379,101581.54838709677,248620.28859060403,8.266549707602339,96902.10037214246,3.6,15.939306358381502
Bulgaria,102408000000.0,565.0,4134.0,24435.0,89.0,69.0,2758.0,547.0,590000.0,176640.0,59400.0,39950.0,2.43,24283.0,8.4,12.0
Burkina Faso,20324617845.0,1999.1911764705883,50125.59523809523,181453.84848484848,2537.4620462046205,1415.9659445627653,31491.712534306895,7791.105485232068,175000.0,43780.0,43000.0,11450.0,2.01,96902.10037214246,27.8,8.0
Burundi,2642161669.0,1999.1911764705883,50125.59523809523,181453.84848484848,2537.4620462046205,1415.9659445627653,31491.712534306895,7791.105485232068,238000.0,75960.0,24278.0,51050.0,3.02,96902.10037214246,12.3,1.7
Cambodia,42335646896.0,1999.1911764705883,50125.59523809523,181453.84848484848,2537.4620462046205,1415.9659445627653,31491.712534306895,7791.105485232068,717000.0,258670.0,64000.0,191300.0,8.15,64000.0,18.8,0.8
Cameroon,49279410983.0,1999.1911764705883,50125.59523809523,181453.84848484848,2537.4620462046205,1415.9659445627653,31491.712534306895,7791.105485232068,510000.0,27360.0,15000.0,34400.0,11.4,96902.10037214246,10.6,6.4
Canada,2142470000000.0,1999.1911764705883,125914.0,451844.0,796.0,3592.0,75234.0,38650.0,12708000.0,233949.0,103000.0,107500.0,18.89,67425.0,4.7,10.6
Cayman Islands,7139428558.0,1999.1911764705883,50125.59523809523,181453.84848484848,2537.4620462046205,1415.9659445627653,31491.712534306895,7791.105485232068,6000.0,555172.3378378379,400.0,248620.28859060403,8.266549707602339,96902.10037214246,13.053488372093023,13.8
Central African Republic,2555492085.0,1999.1911764705883,50125.59523809523,181453.84848484848,2537.4620462046205,1415.9659445627653,31491.712534306895,7791.105485232068,94000.0,8580.0,10000.0,10150.0,3.44,96902.10037214246,25.9,10.7
Chad,13149325362.0,1999.1911764705883,50125.59523809523,181453.84848484848,2537.4620462046205,1415.9659445627653,31491.712534306895,7791.105485232068,151000.0,25020.0,34000.0,45150.0,2.94,96902.10037214246,26.4,1.5
Chile,335533000000.0,362.0,59943.0,80990.0,906.0,353.0,11169.0,19235.0,2220000.0,311900.0,66000.0,161900.0,13.74,30300.0,10.3,22.0
China,17794800000000.0,1999.1911764705883,50125.59523809523,181453.84848484848,2537.4620462046205,1415.9659445627653,31491.712534306895,7791.105485232068,49735000.0,27466400.0,1971000.0,4015000.0,21.31,1215333.3333333333,17.4,15.7
Colombia,363494000000.0,10203.0,33277.0,364946.0,13144.0,317.0,102472.0,7791.105485232068,4971000.0,350689.0,283000.0,516050.0,37.81,150000.0,16.2,19.3
Comoros,1352380971.0,1999.1911764705883,50125.59523809523,181453.84848484848,2537.4620462046205,1415.9659445627653,31491.712534306895,7791.105485232068,12000.0,600.0,2000.0,248620.28859060403,2.68,500.0,29.0,10.9
Cook Islands,586080086187.5623,1999.1911764705883,50125.59523809523,181453.84848484848,2537.4620462046205,1415.9659445627653,31491.712534306895,7791.105485232068,4352042.857142857,555172.3378378379,101581.54838709677,248620.28859060403,8.266549707602339,96902.10037214246,17.6,15.939306358381502
Costa Rica,86497941439.0,3237.0,36036.0,22460.0,588.0,14.0,7156.0,6788.0,493000.0,555172.3378378379,17000.0,9800.0,11.17,14500.0,15.5,24.1
Croatia,84393795502.0,912.0,7594.0,10325.0,33.0,3.0,727.0,891.0,576000.0,75120.0,39000.0,36550.0,4.78,20004.0,8.1,19.2
Cuba,586080086187.5623,1999.1911764705883,50125.59523809523,181453.84848484848,2537.4620462046205,1415.9659445627653,31491.712534306895,7791.105485232068,234000.0,958100.0,42000.0,1234500.0,7.8,96902.10037214246,5.4,3.0
Cyprus,33886930712.0,12.0,864.0,527.0,16.0,3.0,179.0,63.0,285000.0,99000.0,11000.0,65750.0,3.5,3000.0,3.9,17.5
Denmark,407092000000.0,4777.0,30433.0,124628.0,37.0,1415.9659445627653,1884.0,6343.0,567000.0,124120.0,20000.0,58500.0,0.98,11225.0,2.3,11.7
Djibouti,4098530514.0,1999.1911764705883,50125.59523809523,181453.84848484848,2537.4620462046205,1415.9659445627653,31491.712534306895,7791.105485232068,28000.0,19855.0,5000.0,13100.0,10.82,96902.10037214246,23.3,76.5
Dominica,653992592.6,41.0,409.0,1044.0,10.0,4.0,733.0,64.0,5000.0,555172.3378378379,600.0,248620.28859060403,2.69,506.0,11.0,15.939306358381502
Dominican Republic,121444000000.0,1999.1911764705883,50125.59523809523,2676.0,1172.0,1415.9659445627653,2892.0,6739.0,795000.0,106495.0,46000.0,71050.0,13.33,32000.0,27.4,11.8
Ecuador,118845000000.0,1035.0,44183.0,19370.0,2496.0,805.0,6266.0,14261.0,402000.0,253668.0,41000.0,158750.0,23.81,40000.0,23.4,7.2
Egypt,586080086187.5623,1999.1911764705883,50125.59523809523,181453.84848484848,2537.4620462046205,1415.9659445627653,31491.712534306895,7791.105485232068,3931000.0,1544750.0,1530000.0,1314500.0,18.78,96902.10037214246,9.4,19.0
El Salvador,34015620000.0,71.0,3962.0,10035.0,1085.0,10.0,5752.0,5919.0,737000.0,127840.0,30000.0,51400.0,14.94,21900.0,21.5,7.2
Equatorial Guinea,12337550584.0,1999.1911764705883,50125.59523809523,181453.84848484848,2537.4620462046205,1415.9659445627653,31491.712534306895,7791.105485232068,112000.0,2760.0,2000.0,1450.0,3.25,96902.10037214246,11.7,16.4
Eritrea,586080086187.5623,1999.1911764705883,50125.59523809523,181453.84848484848,2537.4620462046205,1415.9659445627653,31491.712534306895,7791.105485232068,23000.0,668550.0,12000.0,321750.0,7.47,96902.10037214246,17.7,10.0
Estonia,41291245222.0,87.0,50125.59523809523,7513.0,26.0,0.0,74.0,393.0,65000.0,38760.0,18000.0,24600.0,1.77,4424.0,4.4,17.1
Ethiopia,163698000000.0,1999.1911764705883,50125.59523809523,181453.84848484848,2537.4620462046205,1415.9659445627653,31491.712534306895,7791.105485232068,377000.0,525600.0,79000.0,138000.0,4.86,96902.10037214246,17.7,5.6
Faroe Islands,3907323961.0,1999.1911764705883,50125.59523809523,181453.84848484848,2537.4620462046205,1415.9659445627653,31491.712534306895,7791.105485232068,5000.0,555172.3378378379,200.0,248620.28859060403,8.266549707602339,96902.10037214246,13.053488372093023,15.939306358381502
Fiji,5442046565.0,1999.1911764705883,50125.59523809523,181453.84848484848,2537.4620462046205,1415.9659445627653,31491.712534306895,7791.105485232068,5000.0,16700.0,2000.0,9500.0,6.7,1970.0,5.3,15.2
Finland,295532000000.0,3700.0,6345.0,124104.0,71.0,2.0,1663.0,5016.0,1793000.0,475030.0,14000.0,292000.0,1.54,7300.0,4.2,15.9
France,3051830000000.0,2734.0,269431.0,1180970.0,734.0,1415.9659445627653,353899.0,76594.0,12732000.0,566430.0,497000.0,380600.0,7.54,56626.2,4.7,17.1
French Guiana,586080086187.5623,1999.1911764705883,50125.59523809523,181453.84848484848,2537.4620462046205,1415.9659445627653,31491.712534306895,7791.105485232068,55000.0,555172.3378378379,2000.0,248620.28859060403,8.266549707602339,96902.10037214246,13.053488372093023,15.939306358381502
French Polynesia,586080086187.5623,1999.1911764705883,50125.59523809523,181453.84848484848,2537.4620462046205,1415.9659445627653,31491.712534306895,7791.105485232068,7000.0,555172.3378378379,400.0,248620.28859060403,8.266549707602339,96902.10037214246,13.053488372093023,37.3
Gabon,19388402542.0,1999.1911764705883,50125.59523809523,181453.84848484848,2537.4620462046205,1415.9659445627653,31491.712534306895,7791.105485232068,61000.0,5640.0,4000.0,6700.0,5.08,96902.10037214246,12.5,36.5
Gambia,2396111022.0,1999.1911764705883,50125.59523809523,181453.84848484848,2537.4620462046205,1415.9659445627653,31491.712534306895,7791.105485232068,137000.0,1080.0,5000.0,800.0,4.89,5000.0,22.0,10.6
Georgia,30777833585.0,1999.1911764705883,50125.59523809523,181453.84848484848,2537.4620462046205,1415.9659445627653,31491.712534306895,7791.105485232068,402000.0,63950.0,41000.0,26050.0,3.74,96902.10037214246,12.7,30.2
Germany,4525700000000.0,5110.0,243174.0,835368.0,695.0,5062.0,122341.0,41790.0,15822000.0,483016.0,466000.0,233550.0,4.1,289900.0,3.3,6.0
Ghana,76370396722.0,1999.1911764705883,50125.59523809523,181453.84848484848,603.0,118.0,50939.0,1839.0,2280000.0,18600.0,28000.0,15500.0,2.94,23000.0,25.9,5.5
Gibraltar,586080086187.5623,1999.1911764705883,50125.59523809523,181453.84848484848,2537.4620462046205,1415.9659445627653,31491.712534306895,7791.105485232068,1000.0,555172.3378378379,600.0,248620.28859060403,8.266549707602339,96902.10037214246,13.053488372093023,15.939306358381502
Greece,243498000000.0,757.0,13363.0,58937.0,89.0,62.0,1186.0,320.0,1920000.0,642510.0,99000.0,368050.0,8.61,55000.0,7.3,26.6
Greenland,586080086187.5623,1999.1911764705883,50125.59523809523,181453.84848484848,2537.4620462046205,1415.9659445627653,31491.712534306895,7791.105485232068,13000.0,555172.3378378379,300.0,248620.28859060403,8.266549707602339,96902.10037214246,13.053488372093023,15.939306358381502
Grenada,1316733333.0,1.0,593.0,2612.0,5.0,0.0,1978.0,375.0,5000.0,555172.3378378379,1000.0,248620.28859060403,1.82,900.0,6.4,15.939306358381502
Guadeloupe,586080086187.5623,1999.1911764705883,50125.59523809523,181453.84848484848,2537.4620462046205,1415.9659445627653,31491.712534306895,7791.105485232068,40000.0,555172.3378378379,2000.0,248620.28859060403,8.266549707602339,96902.10037214246,13.053488372093023,15.939306358381502
Guam,586080086187.5623,1999.1911764705883,50125.59523809523,181453.84848484848,2537.4620462046205,1415.9659445627653,31491.712534306895,7791.105485232068,20000.0,555172.3378378379,500.0,248620.28859060403,8.266549707602339,96902.10037214246,13.053488372093023,12.9
Guatemala,104450000000.0,5374.0,50125.59523809523,181453.84848484848,3563.0,141.0,21455.0,11102.0,2062000.0,160600.0,43000.0,106900.0,11.76,96902.10037214246,12.6,5.9
Guernsey,586080086187.5623,1999.1911764705883,50125.59523809523,181453.84848484848,2537.4620462046205,1415.9659445627653,31491.712534306895,7791.105485232068,4352042.857142857,555172.3378378379,101581.54838709677,248620.28859060403,8.266549707602339,96902.10037214246,13.053488372093023,13.5
Guinea,22199409741.0,1999.1911764705883,50125.59523809523,181453.84848484848,2537.4620462046205,1415.9659445627653,31491.712534306895,7791.105485232068,130000.0,23080.0,13000.0,12300.0,6.55,10000.0,37.4,7.3
Guinea-Bissau,2048348108.0,1999.1911764705883,50125.59523809523,181453.84848484848,2537.4620462046205,1415.9659445627653,31491.712534306895,7791.105485232068,29000.0,10260.0,4000.0,4450.0,3.55,96902.10037214246,30.5,4.0
Guyana,17159509565.0,42.0,50125.59523809523,181453.84848484848,131.0,0.0,857.0,435.0,122000.0,10890.0,4000.0,4070.0,7.35,96902.10037214246,15.2,25.9
Haiti,19850829758.0,1999.1911764705883,50125.59523809523,181453.84848484848,1615.0,1415.9659445627653,31491.712534306895,7791.105485232068,291000.0,380.0,15000.0,200.0,9.96,12000.0,31.3,36.8
Honduras,34400509852.0,760.0,1156.0,2462.0,3931.0,34.0,2589.0,3482.0,1171000.0,107720.0,29000.0,82950.0,16.81,96902.10037214246,18.5,11.0
Hong Kong,380812000000.0,1999.1911764705883,50125.59523809523,181453.84848484848,2537.4620462046205,1415.9659445627653,31491.712534306895,7791.105485232068,265000.0,555172.3378378379,28000.0,248620.28859060403,8.266549707602339,96902.10037214246,13.053488372093023,10.5
Hungary,212389000000.0,6516.0,50125.59523809523,42428.0,75.0,4.0,31491.712534306895,473.0,1023000.0,555172.3378378379,17000.0,59800.0,0.95,36104.0,7.4,12.8
Iceland,31325116556.0,1999.1911764705883,1048.0,3760.0,2.0,1415.9659445627653,120.0,646.0,106000.0,650.0,590.0,250.0,2.01,653.0,2.4,9.2
India,3567550000000.0,1999.1911764705883,50125.59523809523,181453.84848484848,41330.0,1415.9659445627653,31491.712534306895,7791.105485232068,71101000.0,3900000.0,1700000.0,5137500.0,40.96,2000000.0,14.6,15.8
Indonesia,1371170000000.0,364.0,50125.59523809523,181453.84848484848,2537.4620462046205,206.0,8445.0,5905.0,82000.0,1711450.0,429000.0,1075500.0,41.13,436432.0,11.3,13.9
Iraq,250843000000.0,1999.1911764705883,50125.59523809523,181453.84848484848,2537.4620462046205,1415.9659445627653,31491.712534306895,7791.105485232068,7588000.0,611000.0,56000.0,341000.0,9.24,96902.10037214246,21.5,32.2
Ireland,551395000000.0,8.0,8383.0,44553.0,22.0,100.0,4874.0,2973.0,342000.0,26636.0,3000.0,13550.0,2.55,14695.0,2.8,10.5
Isle of Man,586080086187.5623,1999.1911764705883,50125.59523809523,181453.84848484848,2537.4620462046205,1415.9659445627653,31491.712534306895,7791.105485232068,4352042.857142857,555172.3378378379,101581.54838709677,248620.28859060403,8.266549707602339,96902.10037214246,13.053488372093023,15.939306358381502
Israel,513611000000.0,1999.1911764705883,13322.0,44071.0,173.0,570.0,7417.0,8036.0,557000.0,1016900.0,41000.0,642500.0,3.81,24000.0,4.2,6.0
Italy,2300940000000.0,3842.0,124715.0,702153.0,303.0,118.0,59660.0,5766.0,8609000.0,52960.0,273000.0,359550.0,11.11,276750.0,5.0,22.7
Jamaica,19423355409.0,5.0,50125.59523809523,181453.84848484848,1474.0,16.0,3298.0,1817.0,246000.0,8681.0,12000.0,4930.0,3.4,8600.0,17.8,13.8
Japan,4204490000000.0,1999.1911764705883,37240.0,344529.0,285.0,389.0,18145.0,5671.0,377000.0,745514.0,252000.0,317500.0,20.94,322000.0,2.7,4.1
Jersey,586080086187.5623,1999.1911764705883,50125.59523809523,181453.84848484848,2537.4620462046205,1415.9659445627653,31491.712534306895,7791.105485232068,4352042.857142857,555172.3378378379,101581.54838709677,248620.28859060403,8.266549707602339,96902.10037214246,13.053488372093023,13.5
Jordan,50967475352.0,86.0,50125.59523809523,9710.0,114.0,162.0,657.0,1085.0,1473000.0,286450.0,60000.0,180500.0,3.61,25000.0,13.6,40.8
Kazakhstan,262642000000.0,1999.1911764705883,50125.59523809523,181453.84848484848,562.0,1415.9659445627653,31491.712534306895,7791.105485232068,504000.0,375690.0,65000.0,70500.0,1.94,96902.10037214246,12.2,3.8
Kenya,108039000000.0,96.0,1254.0,11762.0,2796.0,58.0,22365.0,8182.0,750000.0,45790.0,51527.0,29100.0,13.79,95000.0,28.2,12.2
Kiribati,279208903.3,1999.1911764705883,50125.59523809523,181453.84848484848,2537.4620462046205,1415.9659445627653,31491.712534306895,7791.105485232068,900.0,555172.3378378379,200.0,248620.28859060403,2.81,458.0,6.2,22.5
Kuwait,163705000000.0,1999.1911764705883,50125.59523809523,181453.84848484848,2537.4620462046205,1415.9659445627653,31491.712534306895,7791.105485232068,685000.0,82580.0,11000.0,48300.0,2.77,18000.0,9.2,15.0
Kyrgyzstan,586080086187.5623,1999.1911764705883,50125.59523809523,181453.84848484848,2537.4620462046205,1415.9659445627653,31491.712534306895,7791.105485232068,171000.0,145010.0,18000.0,20400.0,2.53,96902.10037214246,13.3,8.2
Latvia,42247850065.0,205.0,2779.0,7900.0,57.0,6.0,549.0,335.0,205000.0,27936.0,17000.0,22110.0,3.01,7000.0,9.8,12.5
Lebanon,586080086187.5623,1999.1911764705883,50125.59523809523,181453.84848484848,2537.4620462046205,1415.9659445627653,31491.712534306895,14.0,1927000.0,130150.0,41000.0,80000.0,3.87,96902.10037214246,9.7,23.7
Lesotho,2117962451.0,1999.1911764705883,50125.59523809523,181453.84848484848,2537.4620462046205,1415.9659445627653,31491.712534306895,7791.105485232068,105000.0,2400.0,5000.0,2000.0,1.33,2404.0,21.6,24.8
Liberia,4240000000.0,1999.1911764705883,50125.59523809523,181453.84848484848,2537.4620462046205,1415.9659445627653,31491.712534306895,7791.105485232068,97000.0,555172.3378378379,5000.0,2010.0,3.11,4100.0,15.3,2.3
Liechtenstein,586080086187.5623,14.0,111.0,184.0,2.0,0.0,60.0,6.0,11000.0,555172.3378378379,200.0,248620.28859060403,0.71,131.0,13.053488372093023,15.939306358381502
Lithuania,79789877416.0,624.0,822.0,7736.0,72.0,1.0,126.0,147.0,385000.0,81240.0,17000.0,40950.0,2.32,7007.0,6.3,13.9
Luxembourg,85755006124.0,4.0,3106.0,10902.0,4.0,37.0,548.0,348.0,110000.0,2340.0,5000.0,1500.0,0.61,1812.0,3.9,19.0
Madagascar,15790113247.0,1999.1911764705883,50125.59523809523,181453.84848484848,2537.4620462046205,1415.9659445627653,31491.712534306895,7791.105485232068,168000.0,25320.0,20000.0,21600.0,24.8,96902.10037214246,22.5,5.5
Malawi,12712150082.0,1999.1911764705883,50125.59523809523,181453.84848484848,2537.4620462046205,1415.9659445627653,31491.712534306895,7791.105485232068,47000.0,24480.0,8400.0,14900.0,3.37,96902.10037214246,20.2,6.8
Malaysia,399705000000.0,828.0,50125.59523809523,181453.84848484848,243.0,1415.9659445627653,4063.0,3209.0,217000.0,428170.0,102000.0,431800.0,14.5,102000.0,13.9,12.5
Maldives,6590894302.0,1999.1911764705883,50125.59523809523,181453.84848484848,2537.4620462046205,1415.9659445627653,31491.712534306895,7791.105485232068,23000.0,9500.0,3000.0,248620.28859060403,1.11,96902.10037214246,1.3,14.9
Mali,20661794596.0,1999.1911764705883,50125.59523809523,181453.84848484848,2537.4620462046205,1415.9659445627653,31491.712534306895,7791.105485232068,206000.0,15800.0,3000.0,20800.0,2.29,7000.0,20.2,4.1
Malta,22328640242.0,26.0,873.0,3504.0,2.0,0.0,171.0,138.0,119000.0,5547.0,1637.0,2130.0,1.03,1902.0,1.9,9.3
Marshall Islands,259300000.0,1999.1911764705883,50125.59523809523,181453.84848484848,2537.4620462046205,1415.9659445627653,31491.712534306895,7791.105485232068,300.0,555172.3378378379,80.0,248620.28859060403,3.12,130.0,11.9,26.0
Martinique,586080086187.5623,1999.1911764705883,50125.59523809523,181453.84848484848,2537.4620462046205,1415.9659445627653,31491.712534306895,7791.105485232068,34000.0,555172.3378378379,1000.0,248620.28859060403,8.266549707602339,96902.10037214246,13.053488372093023,15.939306358381502
Mauritania,10651709411.0,1999.1911764705883,50125.59523809523,181453.84848484848,2537.4620462046205,1415.9659445627653,31491.712534306895,7791.105485232068,120000.0,22820.0,10000.0,20850.0,9.32,96902.10037214246,9.5,23.7
Mauritius,14644524819.0,623.0,50125.59523809523,181453.84848484848,34.0,23.0,271.0,608.0,106000.0,4845.0,11000.0,2550.0,3.58,12475.0,9.7,20.9
Mexico,1789110000000.0,24874.0,58104.0,305558.0,35700.0,788.0,96658.0,69065.0,16809000.0,895285.0,591000.0,409400.0,35.93,580000.0,12.0,6.1
Monaco,9995350547.0,1999.1911764705883,50125.59523809523,181453.84848484848,2537.4620462046205,1415.9659445627653,31491.712534306895,7791.105485232068,7000.0,555172.3378378379,1000.0,248620.28859060403,0.18,500.0,0.0,26.6
Mongolia,20325121394.0,335.0,50125.59523809523,181453.84848484848,206.0,2.0,370.0,540.0,242000.0,323400.0,7000.0,154200.0,1.95,96902.10037214246,12.4,11.4
Montenegro,7530593375.0,178.0,460.0,337.0,15.0,2.0,118.0,36.0,245000.0,5396.0,8000.0,12450.0,2.9,4210.0,9.1,27.9
Montserrat,586080086187.5623,1999.1911764705883,50125.59523809523,181453.84848484848,2537.4620462046205,1415.9659445627653,31491.712534306895,7791.105485232068,300.0,555172.3378378379,101581.54838709677,248620.28859060403,8.266549707602339,96902.10037214246,13.053488372093023,15.939306358381502
Morocco,144417000000.0,1999.1911764705883,50125.59523809523,181453.84848484848,716.0,537.0,51702.0,5875.0,1690000.0,588020.0,91000.0,395800.0,10.43,96902.10037214246,18.6,22.6
Mozambique,20954220984.0,1999.1911764705883,50125.59523809523,181453.84848484848,2537.4620462046205,1415.9659445627653,31491.712534306895,7791.105485232068,1337000.0,60000.0,24000.0,11200.0,34.44,96902.10037214246,20.1,7.6
Myanmar,66757619000.0,1999.1911764705883,50125.59523809523,181453.84848484848,15299.0,1415.9659445627653,31491.712534306895,7791.105485232068,877000.0,788900.0,76000.0,513000.0,35.85,93000.0,19.3,9.7
Namibia,12351025067.0,82.0,50125.59523809523,181453.84848484848,315.0,69.0,9465.0,1235.0,396000.0,11880.0,15000.0,15900.0,5.4,96902.10037214246,22.0,38.0
Nauru,154170289.3,1999.1911764705883,50125.59523809523,181453.84848484848,2537.4620462046205,1415.9659445627653,31491.712534306895,7791.105485232068,4352042.857142857,555172.3378378379,101581.54838709677,248620.28859060403,1.02,80.0,8.0,15.939306358381502
Nepal,40908073367.0,1999.1911764705883,50125.59523809523,181453.84848484848,2537.4620462046205,1415.9659445627653,31491.712534306895,7791.105485232068,444000.0,183540.0,62000.0,111600.0,2.71,79538.0,28.2,20.4
Netherlands,1154360000000.0,1999.1911764705883,50125.59523809523,181453.84848484848,2537.4620462046205,1415.9659445627653,31491.712534306895,7791.105485232068,442000.0,108676.0,96000.0,45800.0,4.11,25385.0,3.4,8.9
New Caledonia,586080086187.5623,1999.1911764705883,50125.59523809523,181453.84848484848,2537.4620462046205,1415.9659445627653,31491.712534306895,7791.105485232068,115000.0,555172.3378378379,700.0,248620.28859060403,8.266549707602339,96902.10037214246,13.053488372093023,32.6
New Zealand,252176000000.0,1999.1911764705883,50125.59523809523,181453.84848484848,57.0,408.0,47819.0,7595.0,1212000.0,38280.0,13000.0,11300.0,14.34,5005.0,6.6,10.7
Nicaragua,17829218219.0,1999.1911764705883,50125.59523809523,181453.84848484848,754.0,1415.9659445627653,31491.712534306895,7791.105485232068,323000.0,261800.0,8590.0,12000.0,21.94,96902.10037214246,13.6,9.5
Niger,16819170421.0,1999.1911764705883,50125.59523809523,181453.84848484848,2537.4620462046205,1415.9659445627653,31491.712534306895,7791.105485232068,117000.0,11110.0,10000.0,10700.0,2.16,8700.0,24.9,0.8
Nigeria,363846000000.0,1999.1911764705883,50125.59523809523,181453.84848484848,2537.4620462046205,1415.9659445627653,31491.712534306895,7791.105485232068,6154000.0,224200.0,362400.0,223000.0,9.33,350000.0,17.2,5.8
Niue,586080086187.5623,1999.1911764705883,50125.59523809523,181453.84848484848,2537.4620462046205,1415.9659445627653,31491.712534306895,7791.105485232068,4352042.857142857,555172.3378378379,101581.54838709677,248620.28859060403,8.266549707602339,96902.10037214246,0.0,15.939306358381502
Northern Mariana Islands,586080086187.5623,1999.1911764705883,50125.59523809523,181453.84848484848,2537.4620462046205,1415.9659445627653,31491.712534306895,7791.105485232068,1000.0,555172.3378378379,80.0,248620.28859060403,8.266549707602339,96902.10037214246,13.053488372093023,15.939306358381502
Norway,485311000000.0,31.0,50125.59523809523,79133.0,29.0,1415.9659445627653,1571.0,5775.0,1537000.0,188646.0,13000.0,63250.0,2.61,10170.0,1.5,11.0
Oman,108811000000.0,19.0,50125.59523809523,181453.84848484848,11.0,3.0,17.0,111.0,792000.0,118360.0,31000.0,47000.0,8.06,96902.10037214246,11.0,6.8
Pakistan,337912000000.0,1999.1911764705883,19245.0,186875.0,9068.0,26250.0,29696.0,5222.0,43917000.0,2315480.0,944000.0,1495000.0,27.02,354221.0,11.9,9.7
Palau,281849062.5,1999.1911764705883,50125.59523809523,181453.84848484848,2537.4620462046205,1415.9659445627653,31491.712534306895,7791.105485232068,100.0,555172.3378378379,30.0,248620.28859060403,2.02,75.0,22.2,5.6
Panama,83318176900.0,841.0,50125.59523809523,11747.0,550.0,7.0,4657.0,6655.0,436000.0,555172.3378378379,30000.0,26000.0,18.19,12000.0,7.3,16.6
Papua New Guinea,30729242919.0,1999.1911764705883,50125.59523809523,181453.84848484848,2537.4620462046205,1415.9659445627653,31491.712534306895,7791.105485232068,79000.0,7200.0,4800.0,3600.0,26.35,5311.0,14.9,3.7
Paraguay,42956263544.0,1093.0,26676.0,24779.0,525.0,16.0,578.0,5313.0,1140000.0,235780.0,21000.0,193250.0,1.65,96902.10037214246,21.0,13.0
Peru,267603000000.0,1631.0,50125.59523809523,106783.0,2853.0,1072.0,2685.0,24286.0,633000.0,473400.0,142000.0,346000.0,27.01,104000.0,12.7,8.8
Philippines,437146000000.0,1999.1911764705883,50125.59523809523,181453.84848484848,2537.4620462046205,1415.9659445627653,31491.712534306895,7791.105485232068,3776000.0,454700.0,139043.0,336400.0,46.91,220000.0,9.7,6.9
Poland,809201000000.0,6109.0,73474.0,108720.0,273.0,1415.9659445627653,4815.0,3214.0,968000.0,307200.0,188000.0,189450.0,4.74,100000.0,6.5,11.6
Portugal,289114000000.0,212.0,16406.0,63954.0,82.0,229.0,629.0,2719.0,2186000.0,333640.0,89000.0,263650.0,5.08,46083.0,7.2,20.2
Puerto Rico,117902000000.0,1999.1911764705883,2487.0,8345.0,632.0,1415.9659445627653,3555.0,7791.105485232068,422000.0,555172.3378378379,26000.0,248620.28859060403,8.266549707602339,96902.10037214246,12.5,13.7
Qatar,213003000000.0,8.0,50125.59523809523,181453.84848484848,9.0,7.0,11.0,7791.105485232068,390000.0,30680.0,5000.0,21500.0,0.94,96902.10037214246,7.3,0.6
Reunion,586080086187.5623,1999.1911764705883,50125.59523809523,181453.84848484848,2537.4620462046205,1415.9659445627653,31491.712534306895,7791.105485232068,171000.0,555172.3378378379,2000.0,248620.28859060403,8.266549707602339,96902.10037214246,13.053488372093023,15.939306358381502
Romania,350776000000.0,4017.0,26016.0,64509.0,244.0,343.0,182.0,2345.0,506000.0,240180.0,251000.0,176300.0,3.22,60000.0,9.6,21.3
Saint Kitts and Nevis,1055499778.0,5.0,216.0,461.0,14.0,2.0,179.0,38.0,2000.0,555172.3378378379,600.0,248620.28859060403,2.14,450.0,23.1,15.939306358381502
Saint Lucia,2430148148.0,0.0,661.0,1038.0,70.0,10.0,1280.0,203.0,6000.0,555172.3378378379,1000.0,248620.28859060403,2.83,947.0,8.9,28.2
Saint Vincent and the Grenadines,1065962963.0,1.0,563.0,1016.0,32.0,4.0,423.0,160.0,4000.0,555172.3378378379,1000.0,248620.28859060403,2.63,691.0,4.8,42.3
Samoa,938189443.8,1999.1911764705883,50125.59523809523,181453.84848484848,2537.4620462046205,1415.9659445627653,31491.712534306895,7791.105485232068,20000.0,555172.3378378379,400.0,248620.28859060403,3.23,1027.0,9.6,19.8
San Marino,586080086187.5623,1999.1911764705883,50125.59523809523,181453.84848484848,2537.4620462046205,1415.9659445627653,31491.712534306895,7791.105485232068,5000.0,555172.3378378379,300.0,248620.28859060403,0.35,160.0,5.9,27.4
Sao Tome and Principe,678976264.8,1999.1911764705883,50125.59523809523,181453.84848484848,2537.4620462046205,1415.9659445627653,31491.712534306895,7791.105485232068,7000.0,570.0,200.0,248620.28859060403,0.67,96902.10037214246,11.7,21.1
Saudi Arabia,1067580000000.0,1999.1911764705883,50125.59523809523,181453.84848484848,2537.4620462046205,1415.9659445627653,31491.712534306895,7791.105485232068,5468000.0,481350.0,214000.0,251500.0,9.34,96902.10037214246,18.5,16.3
Senegal,30848333084.0,1999.1911764705883,50125.59523809523,181453.84848484848,2537.4620462046205,1415.9659445627653,31491.712534306895,7791.105485232068,323000.0,16320.0,6000.0,18600.0,5.66,96902.10037214246,20.8,4.1
Serbia,81342660752.0,1171.0,9825.0,17363.0,77.0,14.0,5261.0,662.0,2719000.0,384422.0,53100.0,82000.0,1.68,45000.0,7.4,24.3
Seychelles,2141450171.0,1999.1911764705883,50125.59523809523,181453.84848484848,5.0,1415.9659445627653,31491.712534306895,7791.105485232068,4000.0,798.0,200.0,420.0,2.57,96902.10037214246,6.6,16.5
Sierra Leone,6411869546.0,1999.1911764705883,50125.59523809523,181453.84848484848,2537.4620462046205,1415.9659445627653,31491.712534306895,7791.105485232068,35000.0,10200.0,12000.0,8500.0,5.72,96902.10037214246,13.8,3.6
Singapore,501428000000.0,1088.0,110.0,6599.0,6.0,1415.9659445627653,446.0,1867.0,20000.0,574140.0,9000.0,310900.0,0.8,11981.0,1.9,8.3
Slovakia,132908000000.0,186.0,3247.0,9799.0,55.0,55.0,1131.0,591.0,355000.0,33150.0,43000.0,15850.0,1.03,21734.0,6.4,19.4
Slovenia,69148468417.0,248.0,4744.0,18128.0,9.0,4.0,116.0,238.0,324000.0,131686.0,13000.0,14700.0,2.1,7170.0,5.8,9.9
Solomon Islands,1633319401.0,1999.1911764705883,50125.59523809523,181453.84848484848,2537.4620462046205,1415.9659445627653,31491.712534306895,7791.105485232068,1000.0,555172.3378378379,70.0,248620.28859060403,14.74,1442.0,11.2,3.0
Somalia,10968517090.0,1999.1911764705883,50125.59523809523,181453.84848484848,2537.4620462046205,1415.9659445627653,31491.712534306895,7791.105485232068,1145000.0,37620.0,8000.0,19800.0,24.64,5532.0,20.2,34.3
South Africa,380699000000.0,1999.1911764705883,50125.59523809523,181453.84848484848,25181.0,1415.9659445627653,31491.712534306895,7791.105485232068,5351000.0,350636.0,250481.0,80400.0,9.6,193000.0,24.5,49.1
Spain,1620090000000.0,1999.1911764705883,105274.0,124302.0,290.0,97.0,20252.0,14918.0,3464000.0,3336660.0,264196.0,211300.0,9.74,249907.0,3.5,28.7
Sri Lanka,84356863744.0,1999.1911764705883,50125.59523809523,181453.84848484848,2537.4620462046205,1415.9659445627653,31491.712534306895,7791.105485232068,494000.0,590170.0,134000.0,353100.0,6.16,89000.0,11.5,25.3
Sudan,109266000000.0,1999.1911764705883,50125.59523809523,181453.84848484848,2537.4620462046205,1415.9659445627653,31491.712534306895,7791.105485232068,2768000.0,555172.3378378379,129000.0,209300.0,10.3,96902.10037214246,19.6,18.2
Suriname,3455146281.0,1999.1911764705883,50125.59523809523,181453.84848484848,35.0,1415.9659445627653,591.0,374.0,88000.0,5985.0,2000.0,1840.0,6.76,96902.10037214246,16.2,25.3
Sweden,584960000000.0,21281.0,73016.0,288987.0,113.0,1415.9659445627653,4813.0,22598.0,2296000.0,139180.0,38000.0,50950.0,3.23,20423.0,2.1,21.6
Switzerland,884940000000.0,60.0,31186.0,117586.0,42.0,5.0,652.0,3050.0,2332000.0,324484.0,34000.0,216000.0,1.05,17630.0,2.4,8.0
Tajikistan,12060602009.0,1999.1911764705883,50125.59523809523,181453.84848484848,2537.4620462046205,1415.9659445627653,31491.712534306895,7791.105485232068,37000.0,56490.0,9000.0,16300.0,2.36,96902.10037214246,13.9,16.9
Thailand,514969000000.0,6671.0,50125.59523809523,25357.0,2537.4620462046205,9.0,9416.0,2493.0,10342000.0,1052815.0,101581.54838709677,699550.0,21.7,230000.0,25.4,5.3
Timor-Leste,2079916900.0,1999.1911764705883,50125.59523809523,181453.84848484848,2537.4620462046205,1415.9659445627653,31491.712534306895,7791.105485232068,3000.0,2527.0,4000.0,248620.28859060403,7.55,96902.10037214246,12.0,3.2
Togo,9171261838.0,1999.1911764705883,50125.59523809523,181453.84848484848,2537.4620462046205,1415.9659445627653,31491.712534306895,7791.105485232068,58000.0,12850.0,5000.0,9300.0,1.58,4000.0,22.7,3.3
Tonga,586080086187.5623,1999.1911764705883,50125.59523809523,181453.84848484848,2537.4620462046205,1415.9659445627653,31491.712534306895,7791.105485232068,9000.0,555172.3378378379,200.0,248620.28859060403,4.02,418.0,8.5,6.7
Trinidad and Tobago,27372285698.0,1999.1911764705883,50125.59523809523,181453.84848484848,448.0,1415.9659445627653,31491.712534306895,7791.105485232068,43000.0,7695.0,9000.0,4050.0,3.0,6500.0,5.0,10.1
Tunisia,48529595417.0,1999.1911764705883,50125.59523809523,181453.84848484848,2537.4620462046205,1415.9659445627653,31491.712534306895,7791.105485232068,123000.0,68020.0,73000.0,47800.0,9.91,15000.0,16.3,37.5
Turkey,586080086187.5623,1999.1911764705883,95471.0,210246.0,2165.0,1415.9659445627653,31491.712534306895,7791.105485232068,13249000.0,1390180.0,620000.0,781800.0,14.48,484000.0,6.5,15.939306358381502
Turkmenistan,60628857143.0,1999.1911764705883,50125.59523809523,181453.84848484848,2537.4620462046205,1415.9659445627653,31491.712534306895,7791.105485232068,23000.0,184700.0,27000.0,41500.0,1.25,96902.10037214246,8.0,9.1
Turks and Caicos Islands,1402054391.0,1999.1911764705883,50125.59523809523,181453.84848484848,14.0,1415.9659445627653,31491.712534306895,7791.105485232068,1000.0,555172.3378378379,100.0,248620.28859060403,8.266549707602339,96902.10037214246,13.053488372093023,15.939306358381502
Tuvalu,62280311.59,1999.1911764705883,50125.59523809523,181453.84848484848,2537.4620462046205,1415.9659445627653,31491.712534306895,7791.105485232068,100.0,555172.3378378379,26.0,248620.28859060403,1.53,72.0,17.9,20.6
Uganda,48768955863.0,1999.1911764705883,50125.59523809523,181453.84848484848,3912.0,1415.9659445627653,31491.712534306895,7791.105485232068,331000.0,116660.0,54000.0,56400.0,2.81,96902.10037214246,16.0,4.5
Ukraine,178757000000.0,1999.1911764705883,50125.59523809523,181453.84848484848,1673.0,1415.9659445627653,31491.712534306895,7791.105485232068,4396000.0,6600000.0,289000.0,1211000.0,4.41,152000.0,10.5,19.1
United Arab Emirates,514130000000.0,84.0,50125.59523809523,181453.84848484848,44.0,141.0,145.0,7791.105485232068,1569000.0,163800.0,41000.0,63000.0,4.54,96902.10037214246,5.9,10.7
United Kingdom,3380850000000.0,119.0,92832.33333333333,44611.0,252.66666666666666,2027.0,156860.66666666666,55317.333333333336,3600000.0,539680.0,46000.0,275053.0,5.7,14648.90909090909,2.4,12.5
United States,27720700000000.0,1999.1911764705883,906944.0,4636575.0,23062.0,56651.5480085191,943774.473680806,7791.105485232068,393347000.0,4535380.0,1016000.0,2072950.0,22.56,348600.0,14.2,7.9
Uruguay,77240830877.0,405.0,50125.59523809523,112684.0,306.0,15.0,591.0,1044.0,1198000.0,62130.0,30000.0,22400.0,4.97,30000.0,13.0,26.2
Uzbekistan,101592000000.0,1999.1911764705883,50125.59523809523,181453.84848484848,479.0,55.0,1319.0,7791.105485232068,127000.0,268400.0,150000.0,68000.0,1.52,96902.10037214246,9.3,11.0
Vanuatu,1126313359.0,1999.1911764705883,50125.59523809523,181453.84848484848,2537.4620462046205,1415.9659445627653,31491.712534306895,7791.105485232068,11000.0,555172.3378378379,350.0,248620.28859060403,11.58,575.0,12.5,10.7
Venezuela,586080086187.5623,1999.1911764705883,50125.59523809523,181453.84848484848,2537.4620462046205,1415.9659445627653,31491.712534306895,7791.105485232068,5895000.0,353300.0,173000.0,351000.0,24.2,96902.10037214246,13.053488372093023,10.8
Yemen,586080086187.5623,1999.1911764705883,50125.59523809523,181453.84848484848,2537.4620462046205,1415.9659445627653,31491.712534306895,7791.105485232068,14859000.0,28500.0,101581.54838709677,40000.0,24.47,96902.10037214246,29.8,32.7
Zambia,27577956471.0,1999.1911764705883,50125.59523809523,181453.84848484848,2537.4620462046205,1415.9659445627653,31491.712534306895,7791.105485232068,158000.0,41040.0,16000.0,19500.0,2.93,96902.10037214246,17.1,9.8
Zimbabwe,35231367886.0,1999.1911764705883,50125.59523809523,181453.84848484848,2537.4620462046205,1415.9659445627653,31491.712534306895,7791.105485232068,455000.0,91580.0,23000.0,50800.0,2.62,50000.0,29.9,14.3
